pos_timeline,user_id,name,email,cpf,phone,user_created_at,pos_77_anterior,nome_77_anterior,pos_77_posterior,nome_77_posterior,gap_min_mais_proximo_77
69,cmm3hxtdh008ql6dovy97a46e,Lucelia Aparecida Gomes Fernandes de Amorim,lucelia-agf-ies@hotmail.com,03144325155,6796858770,2026-02-26 13:25:51.221,68,Raquel Oliveira,71,Adriele da Silva Sandim,0.01
10,cmm3fdint001zl6dobi1qrb3l,THAIS BENITES FERNANDES ROSA,thaty_thaisbenites@hotmail.com,05986765117,67998344008,2026-02-26 12:14:04.985,9,Endy fernandes Pereira ,12,Skarlatt Silva Dutra,0.04
99,cmm3lmi9h00ccl6doh7qfr8ut,Regiane vanessa  de freitas rodrigues sansanovicz,regiane.vanessa@ufms.br,29013767893,67993301469,2026-02-26 15:09:02.069,98,Andreza Kellen Fernandes Rodrigues ,101,Suyane Cardoso dias ,0.05
19,cmm3fisd20034l6doj666z6we,Marco Antonio Pitaluga Abrantes ,marcopabrantes71@gmail.com,05789479197,67998576128,2026-02-26 12:18:10.839,17,Juscielli Souza de Assis,20,Stheffany Freitas de Menezes,0.09
13,cmm3ffjqe002cl6dov48vrkq3,Vitória Carolina Zanetti Zanandrea ,vitoriacarolinazanetti@hotmail.com,05485259197,67984365222,2026-02-26 12:15:39.687,12,Skarlatt Silva Dutra,15,Flávia Freitas,0.11
14,cmm3ffk3y002dl6doxawsgruh,Paola de Lima,paoladelima25@gmail.com,09506778922,67998819469,2026-02-26 12:15:40.174,12,Skarlatt Silva Dutra,15,Flávia Freitas,0.11
4,cmm3f9n0j0017l6do7eu2bg0r,Carla de Fátima Varela Coelho ,carlla_varella@hotmail.com,05278329106,67992639229,2026-02-26 12:11:04.003,3,Alisson Fernandes Pereira ,5,Daiana Faria de Oliveira ,0.19
49,cmm3gptgp006sl6docjgeoeva,Marlene Barbosa de melo scariot ,marlenescariot@hotmail.com,35669578104,,2026-02-26 12:51:38.474,47,Adrielle Timóteo ,50,VANESSA SOUZA DA SILVA ZANINI,0.19
58,cmm3h7aoc007ll6dofojz8ish,Sheury Dutra,sheurydutra018@gmail.com,09057232103,67996616522,2026-02-26 13:05:13.932,57,Vanessa Paula Dedavid,62,adilei nogueira,0.19
122,cmm3vhgnk0007l6dqrps9kke5,Hysadora Dutra Marques,hysadorad@gmail.com,06833295107,67993528161,2026-02-26 19:45:02.865,118,Andressa da Silva Lima ,123,Gabrie,0.24
16,cmm3fg0mr002hl6dol2uds6xf,JESSICA BENITES FERNANDES ROSA,jessicabenites48@gmail.com,05105139135,67998344008,2026-02-26 12:16:01.588,15,Flávia Freitas,17,Juscielli Souza de Assis,0.25
28,cmm3frrsd0047l6dou65pkk78,Ana Cristina Gomes Menezes,anacgmenezess@gmail.com,96532149004,67996976094,2026-02-26 12:25:09.998,27,ROSENILDA DA COSTA DE SOUZA,29,Roseli da silva goncales ,0.30
11,cmm3fdvn10020l6doxrlbid2h,Ana Flávia Ferraz trindade ,ana1998flavia@hotmail.com,06774642152,66996319747,2026-02-26 12:14:21.805,9,Endy fernandes Pereira ,12,Skarlatt Silva Dutra,0.32
89,cmm3jmspn00bgl6doh60dcl75,Renan Campos Nunes,renancnunes@gmail.com,01851389180,67996495091,2026-02-26 14:13:16.38,88,Marli Cruz lima,91,Lucineia benites Matias ,0.38
43,cmm3gk0db0062l6do6pzkwvo8,Laudeline Baez campossano ,laudeline.baez@gmail.com,03412392162,,2026-02-26 12:47:07.487,42,Eliete Lopes da silva,44,Jainy de Andrade Weber ,0.39
30,cmm3fu454004ll6do00ktnhxg,Rawany de Andrade Weber ,rawandrade@outlook.com,06713791190,67981667845,2026-02-26 12:26:59.32,29,Roseli da silva goncales ,31,Ellen Barbosa,0.41
65,cmm3hqspf008il6do0x25dx7d,jocieli Dalagua,jocielilimaa@gmail.com,04114083138,67996947052,2026-02-26 13:20:23.763,64,Elida de Barros Bruno ,68,Raquel Oliveira,0.42
78,cmm3igkd200a3l6doa8b70439,eslaine Sousa Cruz ,eslainesousa1996@gmail.com,06908404110,67981744793,2026-02-26 13:40:26.006,77,Jéssica Pereira,79,Greicequele Cardozo Aguilar Kusiak,0.42
18,cmm3fhe5u002vl6doz0pkt9y1,Sandra Cristina Rodrigues Ferraz ,sandracrferraz@hotmail.com,28515315149,66996035169,2026-02-26 12:17:05.779,17,Juscielli Souza de Assis,20,Stheffany Freitas de Menezes,0.48
40,cmm3gg73h005rl6dowc3fi66s,Graziela Gatti ,grazi_elagatti@outlook.com,07826135940,46999310080,2026-02-26 12:44:09.581,39,Vagna,41,Danieli Lay,0.53
87,cmm3jllt200bal6dozke6bfbv,Gabrielly Amancio Soares,gabyamanciosoares@gmail.com,07274987119,67999565687,2026-02-26 14:12:20.775,82,Andresa Pinheiro da Gama,88,Marli Cruz lima,0.55
121,cmm3vgzz00006l6dqq1gwxkky,Ingridy Meirelles arantes ,meirellesarantesi@gmail.com,06539259131,67998065787,2026-02-26 19:44:41.244,118,Andressa da Silva Lima ,123,Gabrie,0.60
67,cmm3hww2m008ml6doqz6gyn48,Evellyn Yonaha,yonahaevellyn15@gmail.com,07741781162,67999509217,2026-02-26 13:25:08.062,64,Elida de Barros Bruno ,68,Raquel Oliveira,0.71
35,cmm3fzzsw0058l6doedy6ibbr,Luiz Felipe Garcia Vieira,luizfelipegarciavieira@gmail.com,11242130152,67996727135,2026-02-26 12:31:33.633,34,Laissa Trezzi,36,Natiele,0.76
48,cmm3goxnc006nl6doogny5jpy,Joyce Diniz,joycekdiniz@hotmail.com,02056926130,67992296177,2026-02-26 12:50:57.24,47,Adrielle Timóteo ,50,VANESSA SOUZA DA SILVA ZANINI,0.88
66,cmm3hwnl6008ll6dosl4g616b,Gabriella Canever Boaroli,gabrielacanever@hotmail.com,08127767980,45984132188,2026-02-26 13:24:57.066,64,Elida de Barros Bruno ,68,Raquel Oliveira,0.89
51,cmm3gr8wd006ul6do1jn4owlp,IVONETE ROSA DE SOUZA,NESSA.CG@GMAIL.COM,60121734153,67996720608,2026-02-26 12:52:45.134,50,VANESSA SOUZA DA SILVA ZANINI,55,JOSIANE NASCIMENTO VILA,0.92
70,cmm3i00ee0093l6doe8v232yg,Emanu,amorimemanuelly982@gmail.com,09519148124,,2026-02-26 13:27:33.638,68,Raquel Oliveira,71,Adriele da Silva Sandim,0.99
21,cmm3fkz3k0038l6do7rrayrpg,Caroline Pereira Gomes Vieira ,carol_hand9@hotmail.com,05810615198,67998525928,2026-02-26 12:19:52.88,20,Stheffany Freitas de Menezes,22,Denise Santos,1.18
38,cmm3ga3jl005hl6doel82mxpl,Iriá Niedermeyer,iria_nie@hotmail.com,02219188175,67999385055,2026-02-26 12:39:25.041,37,Luciana Faustino de souza,39,Vagna,1.20
90,cmm3jy12800bjl6dospee33fw,ANDERLEIA ROCHA DA SILVA,anderleia.marcos.m@gmail.com,05567161166,67999038353,2026-02-26 14:22:00.416,88,Marli Cruz lima,91,Lucineia benites Matias ,1.22
125,cmm3vkm6k000el6dqksix2heg,Ilenilda Rocha,ilenildarocha@gmail.com,01962866114,67996447306,2026-02-26 19:47:29.996,124,Andresa Luiza Aparecida dias Rogério ,132,Francieli Rodrigues,1.39
56,cmm3h559n007hl6doqpuqb3xj,Larissa,larissa_roznieski@yahoo.com.br,07260116145,67999519640,2026-02-26 13:03:33.611,55,JOSIANE NASCIMENTO VILA,57,Vanessa Paula Dedavid,1.48
61,cmm3hhmpz0080l6do6meaqjow,Sônia Maria de Andrade ,soniamandrade.12@gmail.com,59238879168,67991278255,2026-02-26 13:13:16.104,57,Vanessa Paula Dedavid,62,adilei nogueira,1.65
103,cmm3no52o00cwl6docz204jfq,Laiane tomaz,laianeedivaldo623@gmail.com,06069008103,67998027650,2026-02-26 16:06:17.521,102,Aline de Brito,104,Gabrielly leite Souza ,2.19
81,cmm3ipnpw00aml6dobk67i04i,Gediana Ribeiro da Rocha ,gediana23@yahoo.com.br,94373892172,67992953413,2026-02-26 13:47:30.26,80,luara vitoria barbosa luiz ,82,Andresa Pinheiro da Gama,2.39
60,cmm3hg9xu007tl6do8zsiuf99,Allyson Natan Rodrigues Pereira,allysonnrp99@gmail.com,05461980155,67999013922,2026-02-26 13:12:12.882,57,Vanessa Paula Dedavid,62,adilei nogueira,2.70
54,cmm3gymcv0079l6doiwoneg5z,Marciley Pitaluga,marcileypbarbosa@gmail.com,02113885131,67999340320,2026-02-26 12:58:29.168,50,VANESSA SOUZA DA SILVA ZANINI,55,JOSIANE NASCIMENTO VILA,2.76
59,cmm3hfy4k007sl6doh513zvg3,Franciely Leite Souza ,francyramos1@hotmail.com,95797777134,67999447952,2026-02-26 13:11:57.573,57,Vanessa Paula Dedavid,62,adilei nogueira,2.96
97,cmm3lil3d00c8l6doo2ztxypa,Suzieli Soares Marques ,suzimodas10@outlook.com,03619275173,67999595756,2026-02-26 15:05:59.113,92,Josiane Souza Gomes Schonhalz ,98,Andreza Kellen Fernandes Rodrigues ,3.00
86,cmm3jhi3r00b3l6dopuk0f0b1,Jéssica Thais Eichelberger,jessica_sgo@hotmail.com,05527100166,,2026-02-26 14:09:09.352,82,Andresa Pinheiro da Gama,88,Marli Cruz lima,3.74
52,cmm3gv5od006xl6doeybmuaer,Naieli Ferreira de Andrade Rosan ,naielirosan@icloud.com,05653041190,67996846320,2026-02-26 12:55:47.581,50,VANESSA SOUZA DA SILVA ZANINI,55,JOSIANE NASCIMENTO VILA,3.96
106,cmm3o12wa00dbl6dodmzceok0,Gabriele dorta de Campos Souza ,gabrieledortac@gmail.com,06925271174,67996979675,2026-02-26 16:16:21.227,105,Bianca Soares dos Reis ,112,Maria Conceição santandel ,4.04
53,cmm3gwszu0076l6dos6159yk5,Orocelia De Souza Mendonça,oroceliadesouzamendonca47@gmail.com,46603085100,67981066019,2026-02-26 12:57:04.458,50,VANESSA SOUZA DA SILVA ZANINI,55,JOSIANE NASCIMENTO VILA,4.17
83,cmm3iy4ak00awl6doqcl5u73l,Sara Aline Tavares de Almeida ,saraline92@gmail.com,03829548150,67996228388,2026-02-26 13:54:04.988,82,Andresa Pinheiro da Gama,88,Marli Cruz lima,4.19
